s6_month,funnel_step,ClickID,users,events
2026-07,s6,webinar-modal_button_show-goals-details,374,501
2026-07,s7,Gql-form-button_finish,318,437
2026-07,preferred_time_slot,preferred_time_slot,247,355
2026-07,s0,s0,208,1497
2026-07,s1,s1,187,1196
2026-07,gql_linkdin_pr_link,gql_linkdin_pr_link,148,247
2026-07,gql_get_resume,gql_get_resume,119,344
2026-07,s3,webinar-modal_button_show-webinar-slots,70,326
2026-07,s4,Webinar-modal_button_open-gql,64,171
2026-07,s4,s4,63,160
2026-07,Icon_material-close,Icon_material-close,62,113
2026-07,s5,Gql-form_button_gql-registration-step,57,158
2026-07,phone-input,phone-input,49,190
2026-07,name-input,name-input,49,172
2026-07,s2,open_modal_fallback,42,103
2026-07,gql_Your_Goal,gql_Your_Goal,42,125
2026-07,gql_employment_status,gql_employment_status,39,122
2026-07,exit_intent_popup_shown,exit_intent_popup_shown,38,43
2026-07,gql_experience,gql_experience,38,123
2026-07,gql_Start_Interviewing,gql_Start_Interviewing,38,120
2026-07,gql_work_authorization,gql_work_authorization,38,123
2026-07,gql_domain_role,gql_domain_role,38,127
2026-07,email-input,email-input,35,147
2026-07,class__elementor-item,class__elementor-item,29,179
2026-07,s2,hero-section_button_open-modal,22,66
2026-07,webinar-modal_button_go-back,webinar-modal_button_go-back,18,36
2026-07,s2,header_button_open-modal,18,21
2026-07,exit_intent_close_button_clicked,exit_intent_close_button_clicked,18,19
2026-07,s2,footer-bottom-cta_button_open-modal,17,21
2026-07,href__internal__curriculum,href__internal__curriculum,14,28
2026-07,href__internal__data_webinar_form,href__internal__data_webinar_form,14,22
2026-07,top_nav_resources,top_nav_resources,12,25
2026-07,fde-webinar-banner-btn,fde-webinar-banner-btn,11,12
2026-07,header_button_login_link_redirect_new_page,header_button_login_link_redirect_new_page,10,17
2026-07,Full-Name,Full-Name,9,12
2026-07,gql_experience_single,gql_experience_single,8,13
2026-07,gql_Start_Interviewing_single,gql_Start_Interviewing_single,8,14
2026-07,gql_domain_role_single,gql_domain_role_single,8,13
2026-07,cookie-got-it-button,cookie-got-it-button,7,7
2026-07,s2,features_button_open-modal,7,7
2026-07,build-ai-agents_first_tab,build-ai-agents_first_tab,7,15
2026-07,prep-for-interviews_last_tab,prep-for-interviews_last_tab,7,11
2026-07,gql,gql_lead,7,17
2026-07,href__internal__instructors,href__internal__instructors,6,7
2026-07,level_up_faang_training_for_data_professionals_middle_tab,level_up_faang_training_for_data_professionals_middle_tab,6,11
2026-07,level_up_faang_training_for_product_managers_middle_tab,level_up_faang_training_for_product_managers_middle_tab,6,12
2026-07,s2,webinar_hero,6,18
2026-07,level_up_faang_training_for_tech_managers_middle_tab,level_up_faang_training_for_tech_managers_middle_tab,6,11
2026-07,top_nav_instructors,top_nav_instructors,6,7
2026-07,s2,href__internal__go-to-training-form,5,29
2026-07,level_up_faang_training_for_software_engineers_middle_tab,level_up_faang_training_for_software_engineers_middle_tab,5,10
2026-07,class__elementor-button,class__elementor-button,5,14
2026-07,s2,phone-input,5,5
2026-07,top_nav_masterclass,top_nav_masterclass,5,6
2026-07,course-sec-menu-curriculum_link_redirect-new-page,course-sec-menu-curriculum_link_redirect-new-page,5,5
2026-07,s2,name-input,5,6
2026-08,s6,webinar-modal_button_show-goals-details,5515,6047
2026-08,s7,Gql-form-button_finish,4566,4875
2026-08,preferred_time_slot,preferred_time_slot,3162,3825
2026-08,s0,s0,2187,7136
2026-08,s1,s1,1954,5684
2026-08,gql_linkdin_pr_link,gql_linkdin_pr_link,1666,2506
2026-08,gql_get_resume,gql_get_resume,1190,3526
2026-08,Icon_material-close,Icon_material-close,944,1111
2026-08,exit_intent_popup_shown,exit_intent_popup_shown,560,602
2026-08,s3,webinar-modal_button_show-webinar-slots,504,1331
2026-08,s4,Webinar-modal_button_open-gql,450,639
2026-08,s4,s4,427,594
2026-08,s5,Gql-form_button_gql-registration-step,425,576
2026-08,name-input,name-input,411,667
2026-08,phone-input,phone-input,382,645
2026-08,gql_experience,gql_experience,353,522
2026-08,gql_Your_Goal,gql_Your_Goal,347,491
2026-08,gql_domain_role,gql_domain_role,347,505
2026-08,gql_Start_Interviewing,gql_Start_Interviewing,330,420
2026-08,s2,open_modal_fallback,312,378
2026-08,gql_work_authorization,gql_work_authorization,310,428
2026-08,gql_employment_status,gql_employment_status,305,392
2026-08,email-input,email-input,265,408
2026-08,webinar-modal_button_go-back,webinar-modal_button_go-back,201,395
2026-08,s2,footer-bottom-cta_button_open-modal,189,220
2026-08,exit_intent_close_button_clicked,exit_intent_close_button_clicked,188,193
2026-08,cookie-got-it-button,cookie-got-it-button,139,143
2026-08,s2,hero-section_button_open-modal,94,107
2026-08,s2,header_button_open-modal,86,116
2026-08,class__elementor-item,class__elementor-item,73,207
2026-08,href__internal__curriculum,href__internal__curriculum,64,91
2026-08,href__internal__data_webinar_form,href__internal__data_webinar_form,53,67
2026-08,href__internal__course-section,href__internal__course-section,53,72
2026-08,gql,gql_lead,52,52
2026-08,s2,name-input,47,60
2026-08,exit_intent_image_clicked,exit_intent_image_clicked,45,45
2026-08,features_link_redirect-course-list-section,features_link_redirect-course-list-section,43,49
2026-08,s2,phone-input,43,54
2026-08,s2,webinar_hero,42,49
2026-08,exit-intent-overlay,exit-intent-overlay,37,37
2026-08,href__internal__instructors,href__internal__instructors,35,42
2026-08,top_nav_resources,top_nav_resources,35,52
2026-08,course-sec-menu-curriculum_link_redirect-new-page,course-sec-menu-curriculum_link_redirect-new-page,31,41
2026-08,mobile-register,mobile-register,31,31
2026-08,s2,webinar_sticky-mobile,30,34
2026-08,s2,email-input,28,32
2026-08,href__internal__career-impact,href__internal__career-impact,26,27
2026-08,s2,webinar-cohort-bar_button_open-modal,26,33
2026-08,fde-webinar-banner-btn,fde-webinar-banner-btn,25,28
2026-08,logo__clicked_redirect,logo__clicked_redirect,25,28
2026-08,course-card-skillup_button_open-dropdown,course-card-skillup_button_open-dropdown,25,42
2026-08,top_nav_tools,top_nav_tools,25,39
2026-08,class__elementor-button,class__elementor-button,23,26
2026-08,header_button_login_link_redirect_new_page,header_button_login_link_redirect_new_page,23,35
2026-08,href__internal__capstone-projects,href__internal__capstone-projects,23,26
2026-08,href__internal__course-section-m,href__internal__course-section-m,21,22
2026-08,level_up_faang_training_for_tech_managers_middle_tab,level_up_faang_training_for_tech_managers_middle_tab,19,37
2026-08,course-list_course-back-end-engineering_link_redirect-new-page,course-list_course-back-end-engineering_link_redirect-new-page,19,22
2026-08,href__internal__live-guided-projects,href__internal__live-guided-projects,18,20
2026-08,s2,features_button_open-modal,18,19
2026-08,top_nav_masterclass,top_nav_masterclass,17,22
2026-08,s2,href__internal__go-to-training-form,16,18
2026-08,level_up_faang_training_for_data_professionals_middle_tab,level_up_faang_training_for_data_professionals_middle_tab,16,28
2026-08,build-ai-agents_first_tab,build-ai-agents_first_tab,15,20
2026-08,course-sec-menu-typical-week-at-ik_link_redirect-new-page,course-sec-menu-typical-week-at-ik_link_redirect-new-page,15,17
2026-08,course-list_course-data-engineering_link_redirect-new-page,course-list_course-data-engineering_link_redirect-new-page,15,16
2026-08,course-sec-menu-mock-interviews_link_redirect-new-page,course-sec-menu-mock-interviews_link_redirect-new-page,15,16
2026-08,course-sec-menu-meet-the-instructors_link_redirect-new-page,course-sec-menu-meet-the-instructors_link_redirect-new-page,14,14
2026-08,s2,curriculum_button_open-modal,13,13
2026-08,level_up_faang_training_for_software_engineers_middle_tab,level_up_faang_training_for_software_engineers_middle_tab,13,27
2026-08,gql_Start_Interviewing_single,gql_Start_Interviewing_single,12,20
2026-08,course-list_course-machine-learning_link_redirect-new-page,course-list_course-machine-learning_link_redirect-new-page,12,12
2026-08,Full-Name,Full-Name,12,14
2026-08,gql_experience_single,gql_experience_single,12,20
2026-08,level_up_faang_training_for_product_managers_middle_tab,level_up_faang_training_for_product_managers_middle_tab,12,17
2026-08,faq-question_open_program-structure-and-value_how_much_does_interview_kickstart_cost,faq-question_open_program-structure-and-value_how_much_does_interview_kickstart_cost,12,17
2026-08,gql_domain_role_single,gql_domain_role_single,12,19
2026-08,level_up_faang_training_for_systems_engineers_middle_tab,level_up_faang_training_for_systems_engineers_middle_tab,11,20
2026-08,s2,fde-banner-register,11,11
2026-08,course-list_course-full-stack-engineering_link_redirect-new-page,course-list_course-full-stack-engineering_link_redirect-new-page,11,12
2026-08,href__internal__webinar,href__internal__webinar,11,11
2026-08,hero-inner,hero-inner,10,11
2026-08,href__interviewkickstart.com_,href__interviewkickstart.com_,10,13
2026-08,prep-for-interviews_last_tab,prep-for-interviews_last_tab,10,11
2026-08,top_nav_courses_forward_deployed_engineering,top_nav_courses_forward_deployed_engineering,9,13
2026-08,iktOverlay,iktOverlay,9,9
2026-08,webinar_pnumber,webinar_pnumber,9,10
2026-08,course-list_course-cyber-security_link_redirect-new-page,course-list_course-cyber-security_link_redirect-new-page,9,11
2026-08,switch-to-ai_middle_tab,switch-to-ai_middle_tab,9,10
2026-08,top_nav_instructors,top_nav_instructors,9,12
2026-08,faq-register,faq-register,9,10
2026-08,course-list_course-technical-program-manager_link_redirect-new-page,course-list_course-technical-program-manager_link_redirect-new-page,9,11
2026-08,fde-webinar-banner,fde-webinar-banner,8,9
2026-08,href__interviewkickstart.com_courses,href__interviewkickstart.com_courses,8,8
2026-08,course-list_course-engineering-manager_link_redirect-new-page,course-list_course-engineering-manager_link_redirect-new-page,8,8
2026-08,loadMoreBtn,loadMoreBtn,8,17
2026-08,course-sec-menu-interview-prep-guide_link_redirect-new-page,course-sec-menu-interview-prep-guide_link_redirect-new-page,8,8
2026-08,course-list_course-ai-product-manager-(coming-soon)_link_redirect-new-page,course-list_course-ai-product-manager-(coming-soon)_link_redirect-new-page,8,9
2026-08,footer-site-reliability-engineering_link_redirect-new-page,footer-site-reliability-engineering_link_redirect-new-page,8,9
2026-08,href__learn.interviewkickstart._course_edgeup,href__learn.interviewkickstart._course_edgeup,7,9
2026-08,course-sec-menu-career-impact_link_redirect-new-page,course-sec-menu-career-impact_link_redirect-new-page,7,8
2026-08,error-gql-flow-general,error-gql-flow-general,7,8
2026-08,href__interviewkickstart.com_masterclass,href__interviewkickstart.com_masterclass,7,10
2026-08,s2,hero-section-cta,7,10
2026-08,href__interviewkickstart.com_agentic-ai-courses,href__interviewkickstart.com_agentic-ai-courses,7,7
2026-08,s2,feature-list-button_open-modal,7,8
2026-08,header-register,header-register,6,6
2026-08,gql_pp_laidoff_flag_single,gql_pp_laidoff_flag_single,6,6
2026-08,course-list_course-front-end-engineering_link_redirect-new-page,course-list_course-front-end-engineering_link_redirect-new-page,6,9
2026-08,top_nav_tools_ats_resume_checker,top_nav_tools_ats_resume_checker,6,6
2026-08,course-list_course-data-analyst-&-business-analyst_link_redirect-new-page,course-list_course-data-analyst-&-business-analyst_link_redirect-new-page,6,6
2026-08,s2,courses-list_webinar-button_open-modal,6,6
2026-08,course-list_course-tech-product-manager_link_redirect-new-page,course-list_course-tech-product-manager_link_redirect-new-page,6,7
2026-08,course-list_course-aws-cloud-solutions-architect_link_redirect-new-page,course-list_course-aws-cloud-solutions-architect_link_redirect-new-page,6,6
2026-08,s2,bottom_button_open-modal,6,7
2026-08,curriculum,curriculum,6,42
2026-08,course-list_course-site-reliability-engineering_link_redirect-new-page,course-list_course-site-reliability-engineering_link_redirect-new-page,6,7
2026-08,go-to-training-form,go-to-training-form,6,6
2026-08,footer-engineering-manager_link_redirect-new-page,footer-engineering-manager_link_redirect-new-page,5,5
2026-08,course-list_course-test-engineering_link_redirect-new-page,course-list_course-test-engineering_link_redirect-new-page,5,7
2026-08,top_nav_resources_cost,top_nav_resources_cost,5,10
2026-08,fileInput,fileInput,5,9
2026-08,href__learn.interviewkickstart._course_generative-ai-for,href__learn.interviewkickstart._course_generative-ai-for,5,8
2026-08,instructors,instructors,5,5
2026-08,href__internal__Tech_Managers,href__internal__Tech_Managers,5,6
2026-08,linkedin-social-icon_nikhiljain4_redirect-linkedIn-page,linkedin-social-icon_nikhiljain4_redirect-linkedIn-page,5,48
2026-08,footer-advanced-machine-learning-course_link_redirect-new-page,footer-advanced-machine-learning-course_link_redirect-new-page,5,7
2026-08,faq-question_open_program-structure-and-value_where_are_the_classes_held,faq-question_open_program-structure-and-value_where_are_the_classes_held,5,9
2026-08,class__elementor-sub-item,class__elementor-sub-item,5,5
2026-08,course-sec-menu-faqs_link_redirect-new-page,course-sec-menu-faqs_link_redirect-new-page,5,5
2026-09,s6,webinar-modal_button_show-goals-details,4835,5226
2026-09,s7,Gql-form-button_finish,3991,4205
2026-09,preferred_time_slot,preferred_time_slot,2675,3183
2026-09,s0,s0,1529,4977
2026-09,gql_linkdin_pr_link,gql_linkdin_pr_link,1402,2078
2026-09,s1,s1,1336,3976
2026-09,Icon_material-close,Icon_material-close,1061,1194
2026-09,gql_get_resume,gql_get_resume,1027,2858
2026-09,s3,webinar-modal_button_show-webinar-slots,385,932
2026-09,s4,Webinar-modal_button_open-gql,320,408
2026-09,s4,s4,312,397
2026-09,name-input,name-input,301,445
2026-09,s5,Gql-form_button_gql-registration-step,294,367
2026-09,phone-input,phone-input,279,397
2026-09,exit_intent_popup_shown,exit_intent_popup_shown,263,283
2026-09,gql_experience,gql_experience,253,332
2026-09,gql_domain_role,gql_domain_role,250,337
2026-09,gql_Your_Goal,gql_Your_Goal,247,319
2026-09,gql_Start_Interviewing,gql_Start_Interviewing,242,307
2026-09,s2,open_modal_fallback,221,262
2026-09,gql_work_authorization,gql_work_authorization,215,276
2026-09,gql_employment_status,gql_employment_status,209,269
2026-09,email-input,email-input,207,305
2026-09,webinar-modal_button_go-back,webinar-modal_button_go-back,178,335
2026-09,cookie-got-it-button,cookie-got-it-button,145,151
2026-09,s2,footer-bottom-cta_button_open-modal,131,148
2026-09,exit_intent_close_button_clicked,exit_intent_close_button_clicked,91,92
2026-09,mobile-register,mobile-register,88,91
2026-09,s2,name-input,67,95
2026-09,s2,hero-section_button_open-modal,67,81
2026-09,class__elementor-item,class__elementor-item,66,173
2026-09,s2,phone-input,62,77
2026-09,gql,gql_lead,53,53
2026-09,s2,email-input,49,65
2026-09,s2,fde-banner-register,46,46
2026-09,href__internal__course-section,href__internal__course-section,45,55
2026-09,fde-webinar-banner-btn,fde-webinar-banner-btn,43,45
2026-09,top_nav_tools,top_nav_tools,40,92
2026-09,href__internal__curriculum,href__internal__curriculum,40,54
2026-09,s2,header_button_open-modal,39,45
2026-09,features_link_redirect-course-list-section,features_link_redirect-course-list-section,29,32
2026-09,href__internal__instructors,href__internal__instructors,27,28
2026-09,top_nav_resources,top_nav_resources,26,39
2026-09,exit_intent_image_clicked,exit_intent_image_clicked,26,26
2026-09,logo__clicked_redirect,logo__clicked_redirect,25,30
2026-09,s2,webinar_hero,23,24
2026-09,course-card-skillup_button_open-dropdown,course-card-skillup_button_open-dropdown,21,46
2026-09,href__internal__data_webinar_form,href__internal__data_webinar_form,21,23
2026-09,course-sec-menu-curriculum_link_redirect-new-page,course-sec-menu-curriculum_link_redirect-new-page,20,23
2026-09,s2,webinar_sticky-mobile,20,22
2026-09,href__internal__capstone-projects,href__internal__capstone-projects,19,23
2026-09,course-list_course-back-end-engineering_link_redirect-new-page,course-list_course-back-end-engineering_link_redirect-new-page,18,20
2026-09,class__elementor-button,class__elementor-button,18,38
2026-09,hero-inner,hero-inner,16,23
2026-09,s2,features_button_open-modal,16,19
2026-09,level_up_faang_training_for_tech_managers_middle_tab,level_up_faang_training_for_tech_managers_middle_tab,15,22
2026-09,href__internal__live-guided-projects,href__internal__live-guided-projects,15,15
2026-09,s2,href__internal__go-to-training-form,15,19
2026-09,href__internal__career-impact,href__internal__career-impact,15,18
2026-09,level_up_faang_training_for_software_engineers_middle_tab,level_up_faang_training_for_software_engineers_middle_tab,15,25
2026-09,iktOverlay,iktOverlay,14,17
2026-09,exit-intent-overlay,exit-intent-overlay,14,14
2026-09,header_button_login_link_redirect_new_page,header_button_login_link_redirect_new_page,14,20
2026-09,s2,curriculum_button_open-modal,14,14
2026-09,faq-question_open_program-structure-and-value_how_much_does_interview_kickstart_cost,faq-question_open_program-structure-and-value_how_much_does_interview_kickstart_cost,13,18
2026-09,header-register,header-register,13,14
2026-09,course-list_course-full-stack-engineering_link_redirect-new-page,course-list_course-full-stack-engineering_link_redirect-new-page,12,12
2026-09,faq-register,faq-register,12,12
2026-09,level_up_faang_training_for_systems_engineers_middle_tab,level_up_faang_training_for_systems_engineers_middle_tab,12,17
2026-09,faq-question_open_program-structure-and-value_where_are_the_classes_held,faq-question_open_program-structure-and-value_where_are_the_classes_held,12,20
2026-09,course-list_course-machine-learning_link_redirect-new-page,course-list_course-machine-learning_link_redirect-new-page,11,11
2026-09,level_up_faang_training_for_product_managers_middle_tab,level_up_faang_training_for_product_managers_middle_tab,11,15
2026-09,href__internal__course-section-m,href__internal__course-section-m,11,14
2026-09,course-sec-menu-meet-the-instructors_link_redirect-new-page,course-sec-menu-meet-the-instructors_link_redirect-new-page,10,11
2026-09,footer-engineering-manager_link_redirect-new-page,footer-engineering-manager_link_redirect-new-page,9,14
2026-09,top_nav_tools_ats_resume_checker,top_nav_tools_ats_resume_checker,9,9
2026-09,s2,hero-section-cta,9,13
2026-09,level_up_faang_training_for_data_professionals_middle_tab,level_up_faang_training_for_data_professionals_middle_tab,9,12
2026-09,s2,webinar-cohort-bar_button_open-modal,9,10
2026-09,top_nav_instructors,top_nav_instructors,9,13
2026-09,sticky-dismiss,sticky-dismiss,8,8
2026-09,faq-question_open_program-structure-and-value_how_much_time_do_i_need_to_dedicate_to_the_programs,faq-question_open_program-structure-and-value_how_much_time_do_i_need_to_dedicate_to_the_programs,8,10
2026-09,href__interviewkickstart.com_courses,href__interviewkickstart.com_courses,8,10
2026-09,build-ai-agents_first_tab,build-ai-agents_first_tab,8,9
2026-09,course-sec-menu-typical-week-at-ik_link_redirect-new-page,course-sec-menu-typical-week-at-ik_link_redirect-new-page,8,10
2026-09,top_nav_masterclass,top_nav_masterclass,8,9
2026-09,fileInput,fileInput,7,8
2026-09,href__learn.interviewkickstart._course_advanced-genai-pr,href__learn.interviewkickstart._course_advanced-genai-pr,7,11
2026-09,course-sec-menu-mock-interviews_link_redirect-new-page,course-sec-menu-mock-interviews_link_redirect-new-page,7,10
2026-09,faq-tab_enrollment-and-prerequisites,faq-tab_enrollment-and-prerequisites,7,8
2026-09,loadMoreBtn,loadMoreBtn,6,8
2026-09,footer-site-reliability-engineering_link_redirect-new-page,footer-site-reliability-engineering_link_redirect-new-page,6,9
2026-09,s2,feature-list-button_open-modal,6,6
2026-09,course-list_course-engineering-manager_link_redirect-new-page,course-list_course-engineering-manager_link_redirect-new-page,6,7
2026-09,ubSubmit,ubSubmit,6,6
2026-09,go-to-training-form,go-to-training-form,6,9
2026-09,course-list_course-aws-cloud-solutions-architect_link_redirect-new-page,course-list_course-aws-cloud-solutions-architect_link_redirect-new-page,6,6
2026-09,course-sec-menu-interview-prep-guide_link_redirect-new-page,course-sec-menu-interview-prep-guide_link_redirect-new-page,6,6
2026-09,course-card_levelup-button_redirect-course-list-section,course-card_levelup-button_redirect-course-list-section,6,7
2026-09,Full-Name,Full-Name,6,6
2026-09,course-card_button_open-dropdown,course-card_button_open-dropdown,6,6
2026-09,href__internal__webinar,href__internal__webinar,6,6
2026-09,fde-webinar-banner,fde-webinar-banner,6,9
2026-09,course-list_course-site-reliability-engineering_link_redirect-new-page,course-list_course-site-reliability-engineering_link_redirect-new-page,5,7
2026-09,gql_Start_Interviewing_single,gql_Start_Interviewing_single,5,6
2026-09,gql_domain_role_single,gql_domain_role_single,5,8
2026-09,href__learn.interviewkickstart._course_edgeup,href__learn.interviewkickstart._course_edgeup,5,7
2026-09,resources-register,resources-register,5,5
2026-09,s2,bottom_button_open-modal,5,5
2026-09,course-section,course-section,5,7
2026-09,gql_experience_single,gql_experience_single,5,7
