lead_magnet,clicked_resume,gap,users,eg_cta_page,eg_src
EXPERT_INSIGHTS,false,b 0-30m,13,,
EXPERT_INSIGHTS,false,c 30m-24h,8,,
EXPERT_INSIGHTS,false,d >24h,15,,
EXPERT_INSIGHTS,true,b 0-30m,961,,
EXPERT_INSIGHTS,true,c 30m-24h,29,,
EXPERT_INSIGHTS,true,d >24h,56,,
IKIQ,false,a <0 (up to -60m),1,,
IKIQ,false,b 0-30m,1,,
IKIQ,false,c 30m-24h,3,,
IKIQ,false,d >24h,13,,
IKIQ,true,a <0 (up to -60m),6,,
IKIQ,true,b 0-30m,8,,
IKIQ,true,c 30m-24h,3,,
IKIQ,true,d >24h,15,,
RESUME_ANALYSIS_SU,false,a <0 (up to -60m),1,,
RESUME_ANALYSIS_SU,false,b 0-30m,1,,
RESUME_ANALYSIS_SU,false,d >24h,2,,
RESUME_ANALYSIS_SU,true,a <0 (up to -60m),3,,
RESUME_ANALYSIS_SU,true,b 0-30m,7,,
RESUME_ANALYSIS_SU,true,d >24h,2,,
SALARY_INSIGHT,false,d >24h,1,,
SALARY_INSIGHT,true,b 0-30m,1,,
SALARY_INSIGHT,true,c 30m-24h,1,,
SALARY_INSIGHT,true,d >24h,3,,
