month,grp,s1,s2,s3,s4,s5,s6,s7_all,s6_users,slot_selected,resume_clicked,uploaded,uploaded_and_clicked,submitted_after_s6
2026-07,Non-paid,9270,482,283,254,248,79,106,79,56,23,13,13,68
2026-08,Non-paid,10325,492,284,250,242,184,194,184,115,39,20,20,174
2026-09,Non-paid,8604,404,219,194,182,147,146,147,93,43,23,22,136
2026-07,Overall,134854,13676,10027,9746,9017,421,2008,421,264,123,61,60,358
2026-08,Overall,119285,13139,7878,7541,7082,5529,4634,5529,3166,1186,565,557,4571
2026-09,Overall,89596,10230,6536,6211,5800,4873,4056,4873,2689,1039,489,475,4026
2026-07,Paid,86406,8499,5699,5507,5109,226,1599,226,132,66,32,31,190
2026-08,Paid,83154,8679,4829,4616,4371,4181,3438,4181,2365,856,405,400,3430
2026-09,Paid,58947,6528,4051,3855,3650,3521,2871,3521,1880,700,329,319,2861
