period,grp,segment,users,sales,attended,reg_held,att_held
2026-08,Non-paid,A00 All registrations (reached S4) = overall,244,14,158,244,158
2026-08,Non-paid,A01 Reached S6,184,14,124,184,124
2026-08,Non-paid,B01 S6 + touched no input,57,1,35,57,35
2026-08,Non-paid,B02 S6 + exactly one input,65,5,46,65,46
2026-08,Non-paid,B03 one input = slot only,56,5,44,56,44
2026-08,Non-paid,B04 one input = LinkedIn only,8,0,2,8,2
2026-08,Non-paid,B05 one input = resume click only,1,0,0,1,0
2026-08,Non-paid,B06 S6 + exactly two inputs,30,4,24,30,24
2026-08,Non-paid,B07 S6 + all three inputs,32,4,19,32,19
2026-08,Non-paid,C01 S6 + slot selected,116,13,85,116,85
2026-08,Non-paid,C02 S6 + no slot,68,1,39,68,39
2026-08,Non-paid,C03 S6 + LinkedIn added,66,6,42,66,42
2026-08,Non-paid,C04 S6 + no LinkedIn,118,8,82,118,82
2026-08,Non-paid,C05 S6 + resume clicked,39,6,24,39,24
2026-08,Non-paid,C06 S6 + no resume click,145,8,100,145,100
2026-08,Non-paid,C07 S6 + resume uploaded (<=2h),21,3,13,21,13
2026-08,Non-paid,"C08 S6 + clicked, not uploaded",18,3,11,18,11
2026-08,Non-paid,C09 S6 + not uploaded,163,11,111,163,111
2026-08,Non-paid,D01 Completed S6 -> submitted S7,173,13,118,173,118
2026-08,Non-paid,D02 Completed S6 -> dropped (no S7),11,1,6,11,6
2026-08,Non-paid,D03 Completed S5 -> reached S6,184,14,124,184,124
2026-08,Non-paid,D04 Completed S5 -> dropped (no S6),45,0,29,45,29
2026-08,Non-paid,D05 Completed S4 -> reached S5,229,14,153,229,153
2026-08,Non-paid,D06 Completed S4 -> dropped (no S5),15,0,5,15,5
2026-08,Non-paid,"Z01 Reached S4, before lead match",249,,,,
2026-08,Other,A00 All registrations (reached S4) = overall,2639,76,1302,2639,1302
2026-08,Other,A01 Reached S6,1153,61,586,1153,586
2026-08,Other,B01 S6 + touched no input,372,17,169,372,169
2026-08,Other,B02 S6 + exactly one input,361,23,186,361,186
2026-08,Other,B03 one input = slot only,303,22,159,303,159
2026-08,Other,B04 one input = LinkedIn only,35,1,18,35,18
2026-08,Other,B05 one input = resume click only,23,0,9,23,9
2026-08,Other,B06 S6 + exactly two inputs,254,9,131,254,131
2026-08,Other,B07 S6 + all three inputs,166,12,100,166,100
2026-08,Other,C01 S6 + slot selected,678,42,369,678,369
2026-08,Other,C02 S6 + no slot,475,19,217,475,217
2026-08,Other,C03 S6 + LinkedIn added,399,22,225,399,225
2026-08,Other,C04 S6 + no LinkedIn,754,39,361,754,361
2026-08,Other,C05 S6 + resume clicked,290,13,154,290,154
2026-08,Other,C06 S6 + no resume click,863,48,432,863,432
2026-08,Other,C07 S6 + resume uploaded (<=2h),139,7,82,139,82
2026-08,Other,"C08 S6 + clicked, not uploaded",154,7,74,154,74
2026-08,Other,C09 S6 + not uploaded,1014,54,504,1014,504
2026-08,Other,D01 Completed S6 -> submitted S7,957,52,525,957,525
2026-08,Other,D02 Completed S6 -> dropped (no S7),196,9,61,196,61
2026-08,Other,D03 Completed S5 -> reached S6,1151,61,586,1151,586
2026-08,Other,D04 Completed S5 -> dropped (no S6),1281,14,667,1281,667
2026-08,Other,D05 Completed S4 -> reached S5,2430,75,1252,2430,1252
2026-08,Other,D06 Completed S4 -> dropped (no S5),209,1,50,209,50
2026-08,Other,"Z01 Reached S4, before lead match",2681,,,,
2026-08,Paid,A00 All registrations (reached S4) = overall,4558,75,2152,4558,2152
2026-08,Paid,A01 Reached S6,4145,73,2037,4145,2037
2026-08,Paid,B01 S6 + touched no input,1507,14,670,1507,670
2026-08,Paid,B02 S6 + exactly one input,1407,29,674,1407,674
2026-08,Paid,B03 one input = slot only,1210,26,586,1210,586
2026-08,Paid,B04 one input = LinkedIn only,114,1,58,114,58
2026-08,Paid,B05 one input = resume click only,83,2,30,83,30
2026-08,Paid,B06 S6 + exactly two inputs,705,18,381,705,381
2026-08,Paid,B07 S6 + all three inputs,526,12,312,526,312
2026-08,Paid,C01 S6 + slot selected,2348,55,1232,2348,1232
2026-08,Paid,C02 S6 + no slot,1797,18,805,1797,805
2026-08,Paid,C03 S6 + LinkedIn added,1192,29,669,1192,669
2026-08,Paid,C04 S6 + no LinkedIn,2953,44,1368,2953,1368
2026-08,Paid,C05 S6 + resume clicked,855,17,471,855,471
2026-08,Paid,C06 S6 + no resume click,3290,56,1566,3290,1566
2026-08,Paid,C07 S6 + resume uploaded (<=2h),405,12,224,405,224
2026-08,Paid,"C08 S6 + clicked, not uploaded",454,5,247,454,247
2026-08,Paid,C09 S6 + not uploaded,3740,61,1813,3740,1813
2026-08,Paid,D01 Completed S6 -> submitted S7,3399,66,1761,3399,1761
2026-08,Paid,D02 Completed S6 -> dropped (no S7),746,7,276,746,276
2026-08,Paid,D03 Completed S5 -> reached S6,4145,73,2037,4145,2037
2026-08,Paid,D04 Completed S5 -> dropped (no S6),169,0,51,169,51
2026-08,Paid,D05 Completed S4 -> reached S5,4314,73,2088,4314,2088
2026-08,Paid,D06 Completed S4 -> dropped (no S5),244,2,64,244,64
2026-08,Paid,"Z01 Reached S4, before lead match",4611,,,,
2026-09,Non-paid,A00 All registrations (reached S4) = overall,192,11,107,158,92
2026-09,Non-paid,A01 Reached S6,147,11,92,124,79
2026-09,Non-paid,B01 S6 + touched no input,40,0,19,33,17
2026-09,Non-paid,B02 S6 + exactly one input,47,4,31,39,26
2026-09,Non-paid,B03 one input = slot only,41,4,26,34,22
2026-09,Non-paid,B04 one input = LinkedIn only,4,0,4,3,3
2026-09,Non-paid,B05 one input = resume click only,2,0,1,2,1
2026-09,Non-paid,B06 S6 + exactly two inputs,32,2,19,27,15
2026-09,Non-paid,B07 S6 + all three inputs,28,5,23,25,21
2026-09,Non-paid,C01 S6 + slot selected,93,10,63,80,54
2026-09,Non-paid,C02 S6 + no slot,54,1,29,44,25
2026-09,Non-paid,C03 S6 + LinkedIn added,58,7,42,50,36
2026-09,Non-paid,C04 S6 + no LinkedIn,89,4,50,74,43
2026-09,Non-paid,C05 S6 + resume clicked,44,6,33,38,29
2026-09,Non-paid,C06 S6 + no resume click,103,5,59,86,50
2026-09,Non-paid,C07 S6 + resume uploaded (<=2h),25,4,21,23,19
2026-09,Non-paid,"C08 S6 + clicked, not uploaded",20,2,13,16,11
2026-09,Non-paid,C09 S6 + not uploaded,122,7,71,101,60
2026-09,Non-paid,D01 Completed S6 -> submitted S7,136,10,87,113,74
2026-09,Non-paid,D02 Completed S6 -> dropped (no S7),11,1,5,11,5
2026-09,Non-paid,D03 Completed S5 -> reached S6,147,11,92,124,79
2026-09,Non-paid,D04 Completed S5 -> dropped (no S6),27,0,9,18,8
2026-09,Non-paid,D05 Completed S4 -> reached S5,174,11,101,142,87
2026-09,Non-paid,D06 Completed S4 -> dropped (no S5),18,0,6,16,5
2026-09,Non-paid,"Z01 Reached S4, before lead match",198,,,,
2026-09,Other,A00 All registrations (reached S4) = overall,2131,46,869,1725,789
2026-09,Other,A01 Reached S6,1197,36,548,993,474
2026-09,Other,B01 S6 + touched no input,363,7,155,282,125
2026-09,Other,B02 S6 + exactly one input,437,8,206,372,187
2026-09,Other,B03 one input = slot only,335,7,174,283,159
2026-09,Other,B04 one input = LinkedIn only,69,0,21,62,17
2026-09,Other,B05 one input = resume click only,33,1,11,27,11
2026-09,Other,B06 S6 + exactly two inputs,209,8,89,182,76
2026-09,Other,B07 S6 + all three inputs,188,13,98,157,86
2026-09,Other,C01 S6 + slot selected,710,27,355,602,315
2026-09,Other,C02 S6 + no slot,487,9,193,391,159
2026-09,Other,C03 S6 + LinkedIn added,416,21,186,357,159
2026-09,Other,C04 S6 + no LinkedIn,781,15,362,636,315
2026-09,Other,C05 S6 + resume clicked,293,15,137,248,123
2026-09,Other,C06 S6 + no resume click,904,21,411,745,351
2026-09,Other,C07 S6 + resume uploaded (<=2h),133,8,69,109,62
2026-09,Other,"C08 S6 + clicked, not uploaded",163,8,70,142,63
2026-09,Other,C09 S6 + not uploaded,1064,28,479,884,412
2026-09,Other,D01 Completed S6 -> submitted S7,1021,32,501,849,435
2026-09,Other,D02 Completed S6 -> dropped (no S7),176,4,47,144,39
2026-09,Other,D03 Completed S5 -> reached S6,1197,36,548,993,474
2026-09,Other,D04 Completed S5 -> dropped (no S6),730,5,270,561,265
2026-09,Other,D05 Completed S4 -> reached S5,1927,41,818,1554,739
2026-09,Other,D06 Completed S4 -> dropped (no S5),204,5,51,171,50
2026-09,Other,"Z01 Reached S4, before lead match",2153,,,,
2026-09,Paid,A00 All registrations (reached S4) = overall,3822,41,1587,3147,1379
2026-09,Paid,A01 Reached S6,3490,39,1496,2874,1298
2026-09,Paid,B01 S6 + touched no input,1355,11,501,1094,436
2026-09,Paid,B02 S6 + exactly one input,1170,12,539,965,471
2026-09,Paid,B03 one input = slot only,989,11,443,814,388
2026-09,Paid,B04 one input = LinkedIn only,91,1,51,76,42
2026-09,Paid,B05 one input = resume click only,90,0,45,75,41
2026-09,Paid,B06 S6 + exactly two inputs,572,7,254,479,218
2026-09,Paid,B07 S6 + all three inputs,393,9,202,336,173
2026-09,Paid,C01 S6 + slot selected,1868,26,857,1560,746
2026-09,Paid,C02 S6 + no slot,1622,13,639,1314,552
2026-09,Paid,C03 S6 + LinkedIn added,926,16,447,778,378
2026-09,Paid,C04 S6 + no LinkedIn,2564,23,1049,2096,920
2026-09,Paid,C05 S6 + resume clicked,699,11,349,593,302
2026-09,Paid,C06 S6 + no resume click,2791,28,1147,2281,996
2026-09,Paid,C07 S6 + resume uploaded (<=2h),332,7,183,270,154
2026-09,Paid,"C08 S6 + clicked, not uploaded",375,4,173,328,152
2026-09,Paid,C09 S6 + not uploaded,3158,32,1313,2604,1144
2026-09,Paid,D01 Completed S6 -> submitted S7,2833,38,1306,2335,1133
2026-09,Paid,D02 Completed S6 -> dropped (no S7),657,1,190,539,165
2026-09,Paid,D03 Completed S5 -> reached S6,3490,39,1496,2874,1298
2026-09,Paid,D04 Completed S5 -> dropped (no S6),127,1,40,111,38
2026-09,Paid,D05 Completed S4 -> reached S5,3617,40,1536,2985,1336
2026-09,Paid,D06 Completed S4 -> dropped (no S5),205,1,51,162,43
2026-09,Paid,"Z01 Reached S4, before lead match",3860,,,,
Aug+Sep,Non-paid,A00 All registrations (reached S4) = overall,430,25,262,396,247
Aug+Sep,Non-paid,A01 Reached S6,328,25,214,305,201
Aug+Sep,Non-paid,B01 S6 + touched no input,95,1,53,88,51
Aug+Sep,Non-paid,B02 S6 + exactly one input,111,9,76,103,71
Aug+Sep,Non-paid,B03 one input = slot only,96,9,69,89,65
Aug+Sep,Non-paid,B04 one input = LinkedIn only,12,0,6,11,5
Aug+Sep,Non-paid,B05 one input = resume click only,3,0,1,3,1
Aug+Sep,Non-paid,B06 S6 + exactly two inputs,62,6,43,57,39
Aug+Sep,Non-paid,B07 S6 + all three inputs,60,9,42,57,40
Aug+Sep,Non-paid,C01 S6 + slot selected,208,23,147,195,138
Aug+Sep,Non-paid,C02 S6 + no slot,120,2,67,110,63
Aug+Sep,Non-paid,C03 S6 + LinkedIn added,124,13,84,116,78
Aug+Sep,Non-paid,C04 S6 + no LinkedIn,204,12,130,189,123
Aug+Sep,Non-paid,C05 S6 + resume clicked,83,12,57,77,53
Aug+Sep,Non-paid,C06 S6 + no resume click,245,13,157,228,148
Aug+Sep,Non-paid,C07 S6 + resume uploaded (<=2h),46,7,34,44,32
Aug+Sep,Non-paid,"C08 S6 + clicked, not uploaded",38,5,24,34,22
Aug+Sep,Non-paid,C09 S6 + not uploaded,282,18,180,261,169
Aug+Sep,Non-paid,D01 Completed S6 -> submitted S7,306,23,203,283,190
Aug+Sep,Non-paid,D02 Completed S6 -> dropped (no S7),22,2,11,22,11
Aug+Sep,Non-paid,D03 Completed S5 -> reached S6,328,25,214,305,201
Aug+Sep,Non-paid,D04 Completed S5 -> dropped (no S6),71,0,38,62,37
Aug+Sep,Non-paid,D05 Completed S4 -> reached S5,399,25,252,367,238
Aug+Sep,Non-paid,D06 Completed S4 -> dropped (no S5),31,0,10,29,9
Aug+Sep,Non-paid,"Z01 Reached S4, before lead match",440,,,,
Aug+Sep,Other,A00 All registrations (reached S4) = overall,4667,123,2137,4272,2058
Aug+Sep,Other,A01 Reached S6,2335,98,1132,2133,1059
Aug+Sep,Other,B01 S6 + touched no input,728,24,320,648,290
Aug+Sep,Other,B02 S6 + exactly one input,794,32,391,729,372
Aug+Sep,Other,B03 one input = slot only,635,30,333,583,318
Aug+Sep,Other,B04 one input = LinkedIn only,103,1,38,96,34
Aug+Sep,Other,B05 one input = resume click only,56,1,20,50,20
Aug+Sep,Other,B06 S6 + exactly two inputs,460,17,222,434,210
Aug+Sep,Other,B07 S6 + all three inputs,353,25,199,322,187
Aug+Sep,Other,C01 S6 + slot selected,1383,70,727,1276,688
Aug+Sep,Other,C02 S6 + no slot,952,28,405,857,371
Aug+Sep,Other,C03 S6 + LinkedIn added,811,43,413,752,386
Aug+Sep,Other,C04 S6 + no LinkedIn,1524,55,719,1381,673
Aug+Sep,Other,C05 S6 + resume clicked,579,28,292,535,279
Aug+Sep,Other,C06 S6 + no resume click,1756,70,840,1598,780
Aug+Sep,Other,C07 S6 + resume uploaded (<=2h),270,15,152,246,145
Aug+Sep,Other,"C08 S6 + clicked, not uploaded",315,15,144,295,138
Aug+Sep,Other,C09 S6 + not uploaded,2065,83,980,1887,914
Aug+Sep,Other,D01 Completed S6 -> submitted S7,1968,85,1023,1798,958
Aug+Sep,Other,D02 Completed S6 -> dropped (no S7),367,13,109,335,101
Aug+Sep,Other,D03 Completed S5 -> reached S6,2333,98,1132,2131,1059
Aug+Sep,Other,D04 Completed S5 -> dropped (no S6),1935,19,909,1773,904
Aug+Sep,Other,D05 Completed S4 -> reached S5,4267,117,2040,3903,1962
Aug+Sep,Other,D06 Completed S4 -> dropped (no S5),400,6,97,369,96
Aug+Sep,Other,"Z01 Reached S4, before lead match",4728,,,,
Aug+Sep,Paid,A00 All registrations (reached S4) = overall,8290,116,3705,7630,3500
Aug+Sep,Paid,A01 Reached S6,7569,112,3506,6962,3310
Aug+Sep,Paid,B01 S6 + touched no input,2823,25,1156,2567,1092
Aug+Sep,Paid,B02 S6 + exactly one input,2557,40,1206,2356,1139
Aug+Sep,Paid,B03 one input = slot only,2184,36,1024,2012,969
Aug+Sep,Paid,B04 one input = LinkedIn only,203,2,108,189,100
Aug+Sep,Paid,B05 one input = resume click only,170,2,74,155,70
Aug+Sep,Paid,B06 S6 + exactly two inputs,1272,26,630,1179,594
Aug+Sep,Paid,B07 S6 + all three inputs,917,21,514,860,485
Aug+Sep,Paid,C01 S6 + slot selected,4194,81,2079,3889,1968
Aug+Sep,Paid,C02 S6 + no slot,3375,31,1427,3073,1342
Aug+Sep,Paid,C03 S6 + LinkedIn added,2111,46,1112,1964,1044
Aug+Sep,Paid,C04 S6 + no LinkedIn,5458,66,2394,4998,2266
Aug+Sep,Paid,C05 S6 + resume clicked,1547,28,817,1441,770
Aug+Sep,Paid,C06 S6 + no resume click,6022,84,2689,5521,2540
Aug+Sep,Paid,C07 S6 + resume uploaded (<=2h),733,20,405,671,376
Aug+Sep,Paid,"C08 S6 + clicked, not uploaded",826,9,419,779,398
Aug+Sep,Paid,C09 S6 + not uploaded,6836,92,3101,6291,2934
Aug+Sep,Paid,D01 Completed S6 -> submitted S7,6181,104,3044,5691,2873
Aug+Sep,Paid,D02 Completed S6 -> dropped (no S7),1388,8,462,1271,437
Aug+Sep,Paid,D03 Completed S5 -> reached S6,7569,112,3506,6962,3310
Aug+Sep,Paid,D04 Completed S5 -> dropped (no S6),284,1,86,271,84
Aug+Sep,Paid,D05 Completed S4 -> reached S5,7853,113,3592,7233,3394
Aug+Sep,Paid,D06 Completed S4 -> dropped (no S5),437,3,113,397,106
Aug+Sep,Paid,"Z01 Reached S4, before lead match",8378,,,,
