k,v
CHK_max_sale_date_yyyymmdd,20260928
SRC_alumni_sale_users,353
S6_dropped_att,582
CHK_hsid_with_2plus_uuids_in_base,631
SRC_alumni_att_users,8394
S6_none_users,3646
CHK_min_sale_date_yyyymmdd,20260803
S5_dropped_users,2290
S6_sales,235
XCHK_uploaded_via_legacy_same_window,1001
SRC_base_share_of_alumni_sales_pct_x100,7479
S6_all3_sales,55
S6_uploaded_users,1049
S6_uploaded_sales,42
SRC_alumni_users_dl1,18696
XCHK_uploaded_via_master_table,1007
S6_uploaded_att,591
base_sales,264
CHK_sale_before_lead_users,1
base_S4_users,13387
S6_dropped_users,1777
base_attended,6104
CHK_alumni_userid_multi_hubspot,199
CHK_base_users_null_hsid,2
S6_users,10232
S6_all3_users,1330